<?xml version="1.0" encoding="UTF-8"?>
<app>
	<nav>
		<navitem>
			<id><![CDATA[0]]></id>
			<image><![CDATA[content/ecpweb/loyalty/image/HER00188.swf]]></image>
			<hotspot>
				<url><![CDATA[https://ultimaterewardsq3.chase.com]]></url>
				<x_coord><![CDATA[0]]></x_coord>
				<y_coord><![CDATA[0]]></y_coord>
				<width><![CDATA[100]]></width>
				<height><![CDATA[100]]></height>				
				<visible><![CDATA[false]]></visible>
				<openWin><![CDATA[false]]></openWin>
			</hotspot>
		</navitem>
		
		<!--<navitem>
			<id><![CDATA[1]]></id>
			<image><![CDATA[content/ecpweb/loyalty/image/HER00117.swf]]></image>
			<hotspot>
				<url><![CDATA[http://www.chase.com]]></url>
				<x_coord><![CDATA[110]]></x_coord>
				<y_coord><![CDATA[0]]></y_coord>
				<width><![CDATA[100]]></width>
				<height><![CDATA[20]]></height>				
				<visible><![CDATA[true]]></visible>
				<openWin><![CDATA[true]]></openWin>
			</hotspot>
		</navitem>-->
		
		<navitem>
			<id><![CDATA[1]]></id>
			<image><![CDATA[content/ecpweb/loyalty/image/HER00118.swf]]></image>
			<hotspot>
				<url><![CDATA[http://www.chase.com]]></url>
				<x_coord><![CDATA[220]]></x_coord>
				<y_coord><![CDATA[0]]></y_coord>
				<width><![CDATA[100]]></width>
				<height><![CDATA[20]]></height>				
				<visible><![CDATA[false]]></visible>
				<openWin><![CDATA[true]]></openWin>
			</hotspot>
		</navitem>
		
		<navitem>
			<id><![CDATA[2]]></id>
			<image><![CDATA[content/ecpweb/loyalty/image/HER00188.jpg]]></image>
			<hotspot>
				<url><![CDATA[https://ultimaterewardsq3.chase.com]]></url>
				<x_coord><![CDATA[0]]></x_coord>
				<y_coord><![CDATA[0]]></y_coord>
				<width><![CDATA[100]]></width>
				<height><![CDATA[100]]></height>				
				<visible><![CDATA[false]]></visible>
				<openWin><![CDATA[false]]></openWin>
			</hotspot>
		</navitem> 
		
		<!--<navitem>
			<id><![CDATA[3]]></id>
			<image><![CDATA[content/ecpweb/loyalty/image/HER00140.swf]]></image>
			<hotspot>
				<url><![CDATA[http://www.chase.com]]></url>
				<x_coord><![CDATA[330]]></x_coord>
				<y_coord><![CDATA[0]]></y_coord>
				<width><![CDATA[100]]></width>
				<height><![CDATA[20]]></height>				
				<visible><![CDATA[false]]></visible>
				<openWin><![CDATA[true]]></openWin>
			</hotspot>
		</navitem>-->
		
		<navitem>
			<id><![CDATA[3]]></id>
			<image><![CDATA[content/ecpweb/loyalty/image/HER00145.swf]]></image>
			<hotspot>
				<url><![CDATA[http://www.chase.com]]></url>
				<x_coord><![CDATA[0]]></x_coord>
				<y_coord><![CDATA[0]]></y_coord>
				<width><![CDATA[100]]></width>
				<height><![CDATA[20]]></height>				
				<visible><![CDATA[false]]></visible>
				<openWin><![CDATA[true]]></openWin>
			</hotspot>
		</navitem>
		
		<navitem>
			<id><![CDATA[4]]></id>
			<image><![CDATA[content/ecpweb/loyalty/image/HER00148.swf]]></image>
			<hotspot>
				<url><![CDATA[http://www.chase.com]]></url>
				<x_coord><![CDATA[0]]></x_coord>
				<y_coord><![CDATA[0]]></y_coord>
				<width><![CDATA[100]]></width>
				<height><![CDATA[20]]></height>				
				<visible><![CDATA[false]]></visible>
				<openWin><![CDATA[true]]></openWin>
			</hotspot>
		</navitem>
		
		<!--<navitem>
			<id><![CDATA[6]]></id>
			<image><![CDATA[content/ecpweb/loyalty/image/HER00154.swf]]></image>
			<hotspot>
				<url><![CDATA[http://www.chase.com]]></url>
				<x_coord><![CDATA[0]]></x_coord>
				<y_coord><![CDATA[0]]></y_coord>
				<width><![CDATA[100]]></width>
				<height><![CDATA[20]]></height>				
				<visible><![CDATA[false]]></visible>
				<openWin><![CDATA[true]]></openWin>
			</hotspot>
		</navitem>
		
		<navitem>
			<id><![CDATA[5]]></id>
			<image><![CDATA[content/ecpweb/loyalty/image/HER00177.swf]]></image>
			<hotspot>
				<url><![CDATA[http://www.chase.com]]></url>
				<x_coord><![CDATA[0]]></x_coord>
				<y_coord><![CDATA[0]]></y_coord>
				<width><![CDATA[100]]></width>
				<height><![CDATA[20]]></height>				
				<visible><![CDATA[false]]></visible>
				<openWin><![CDATA[true]]></openWin>
			</hotspot>
		</navitem>-->
		
		<navitem>
			<id><![CDATA[5]]></id>
			<image><![CDATA[content/ecpweb/loyalty/image/HER00183.swf]]></image>
			<hotspot>
				<url><![CDATA[http://www.chase.com]]></url>
				<x_coord><![CDATA[0]]></x_coord>
				<y_coord><![CDATA[0]]></y_coord>
				<width><![CDATA[100]]></width>
				<height><![CDATA[20]]></height>				
				<visible><![CDATA[false]]></visible>
				<openWin><![CDATA[true]]></openWin>
			</hotspot>
		</navitem>
		
		<navitem>
			<id><![CDATA[6]]></id>
			<image><![CDATA[content/ecpweb/loyalty/image/HER00184.swf]]></image>
			<hotspot>
				<url><![CDATA[http://www.chase.com]]></url>
				<x_coord><![CDATA[0]]></x_coord>
				<y_coord><![CDATA[0]]></y_coord>
				<width><![CDATA[100]]></width>
				<height><![CDATA[20]]></height>				
				<visible><![CDATA[false]]></visible>
				<openWin><![CDATA[true]]></openWin>
			</hotspot>
		</navitem>
		
		<navitem>
			<id><![CDATA[7]]></id>
			<image><![CDATA[content/ecpweb/loyalty/image/HER00185.swf]]></image>
			<hotspot>
				<url><![CDATA[http://www.chase.com]]></url>
				<x_coord><![CDATA[0]]></x_coord>
				<y_coord><![CDATA[0]]></y_coord>
				<width><![CDATA[100]]></width>
				<height><![CDATA[20]]></height>				
				<visible><![CDATA[false]]></visible>
				<openWin><![CDATA[true]]></openWin>
			</hotspot>
		</navitem>
		
		<navitem>
			<id><![CDATA[8]]></id>
			<image><![CDATA[content/ecpweb/loyalty/image/HER00186.swf]]></image>
			<hotspot>
				<url><![CDATA[http://www.chase.com]]></url>
				<x_coord><![CDATA[0]]></x_coord>
				<y_coord><![CDATA[0]]></y_coord>
				<width><![CDATA[100]]></width>
				<height><![CDATA[20]]></height>				
				<visible><![CDATA[false]]></visible>
				<openWin><![CDATA[true]]></openWin>
			</hotspot>
		</navitem>
		
		<navitem>
			<id><![CDATA[9]]></id>
			<image><![CDATA[content/ecpweb/loyalty/image/HER00187.swf]]></image>
			<hotspot>
				<url><![CDATA[http://www.chase.com]]></url>
				<x_coord><![CDATA[0]]></x_coord>
				<y_coord><![CDATA[0]]></y_coord>
				<width><![CDATA[100]]></width>
				<height><![CDATA[20]]></height>				
				<visible><![CDATA[false]]></visible>
				<openWin><![CDATA[true]]></openWin>
			</hotspot>
		</navitem>
		
		<navitem>
			<id><![CDATA[10]]></id>
			<image><![CDATA[content/ecpweb/loyalty/image/HER00188.swf]]></image>
			<hotspot>
				<url><![CDATA[http://www.chase.com]]></url>
				<x_coord><![CDATA[0]]></x_coord>
				<y_coord><![CDATA[0]]></y_coord>
				<width><![CDATA[100]]></width>
				<height><![CDATA[20]]></height>				
				<visible><![CDATA[false]]></visible>
				<openWin><![CDATA[true]]></openWin>
			</hotspot>
		</navitem>
		
		<navitem>
			<id><![CDATA[11]]></id>
			<image><![CDATA[content/ecpweb/loyalty/image/HER00189.swf]]></image>
			<hotspot>
				<url><![CDATA[http://www.chase.com]]></url>
				<x_coord><![CDATA[0]]></x_coord>
				<y_coord><![CDATA[0]]></y_coord>
				<width><![CDATA[100]]></width>
				<height><![CDATA[20]]></height>				
				<visible><![CDATA[false]]></visible>
				<openWin><![CDATA[true]]></openWin>
			</hotspot>
		</navitem>
		
		<navitem>
			<id><![CDATA[12]]></id>
			<image><![CDATA[content/ecpweb/loyalty/image/HER00190.swf]]></image>
			<hotspot>
				<url><![CDATA[http://www.chase.com]]></url>
				<x_coord><![CDATA[0]]></x_coord>
				<y_coord><![CDATA[0]]></y_coord>
				<width><![CDATA[100]]></width>
				<height><![CDATA[20]]></height>				
				<visible><![CDATA[false]]></visible>
				<openWin><![CDATA[true]]></openWin>
			</hotspot>
		</navitem>
		
		<navitem>
			<id><![CDATA[13]]></id>
			<image><![CDATA[content/ecpweb/loyalty/image/HER00191.swf]]></image>
			<hotspot>
				<url><![CDATA[http://www.chase.com]]></url>
				<x_coord><![CDATA[0]]></x_coord>
				<y_coord><![CDATA[0]]></y_coord>
				<width><![CDATA[100]]></width>
				<height><![CDATA[20]]></height>				
				<visible><![CDATA[false]]></visible>
				<openWin><![CDATA[true]]></openWin>
			</hotspot>
		</navitem>
	</nav>

	<pausetime><![CDATA[3]]></pausetime>
	<accessibility><![CDATA[Sample accessibility text]]></accessibility>
</app>
